brand,category,table_title,display_order,size,eu,kr,num,age,height,weight,chest,bust,waist,hip,arm,footLen,cm,ageSize,collar,krLen,krLen2,leg,mm,seat,size2,sizeLen,uk
common,women,탑 / 블라우스 / 원피스,1,XXS,,33,32,,,,,74-78,58-62,,,,,,,,,,,,,,
common,women,탑 / 블라우스 / 원피스,1,XS,,44,34,,,,,78-82,62-66,,,,,,,,,,,,,,
common,women,탑 / 블라우스 / 원피스,1,S,,55,36 ~ 38,,,,,82-90,66-74,,,,,,,,,,,,,,
common,women,탑 / 블라우스 / 원피스,1,M,,66,40 ~ 42,,,,,90-98,74-82.5,,,,,,,,,,,,,,
common,women,탑 / 블라우스 / 원피스,1,L,,77,44 ~ 46,,,,,98-107,82.5-93,,,,,,,,,,,,,,
common,women,탑 / 블라우스 / 원피스,1,XL,,88,48 ~ 50,,,,,107-119,93-105,,,,,,,,,,,,,,
common,women,탑 / 블라우스 / 원피스,1,XXL,,99,52 ~ 54,,,,,119-131,105-117.5,,,,,,,,,,,,,,
common,women,스커트 / 바지,2,XXS,,33,32,,,,,,58-62,,,,,,,,,,,,,,
common,women,스커트 / 바지,2,XS,,44,34,,,,,,62-66,,,,,,,,,,,,,,
common,women,스커트 / 바지,2,S,,55,36 ~ 38,,,,,,66-74,,,,,,,,,,,,,,
common,women,스커트 / 바지,2,M,,66,40 ~ 42,,,,,,74-82.5,,,,,,,,,,,,,,
common,women,스커트 / 바지,2,L,,77,44 ~ 46,,,,,,82.5-93,,,,,,,,,,,,,,
common,women,스커트 / 바지,2,XL,,88,48 ~ 50,,,,,,93-105,,,,,,,,,,,,,,
common,women,스커트 / 바지,2,XXL,,99,52 ~ 54,,,,,,105-117.5,,,,,,,,,,,,,,
common,men,아우터 / 상의,1,XS,,90,44,,,,86-90,,74-78,,,,,,,,,,,,,,
common,men,아우터 / 상의,1,S,,95,46,,,,90-94,,78-82,,,,,,,,,,,,,,
common,men,아우터 / 상의,1,M,,100,48-50,,,,94-102,,82-90,,,,,,,,,,,,,,
common,men,아우터 / 상의,1,L,,105,52-54,,,,102-110,,90-98,,,,,,,,,,,,,,
common,men,아우터 / 상의,1,XL,,110,56,,,,110-118,,98-106,,,,,,,,,,,,,,
common,men,아우터 / 상의,1,XXL,,115,58,,,,118-124,,106-110,,,,,,,,,,,,,,
common,men,수트 / 블레이저,2,46,,90-95,,,,,,,,,,,,,,,,,,,,,
common,men,수트 / 블레이저,2,48,,95-100,,,,,,,,,,,,,,,,,,,,,
common,men,수트 / 블레이저,2,50,,100-105,,,,,,,,,,,,,,,,,,,,,
common,men,수트 / 블레이저,2,52,,105-110,,,,,,,,,,,,,,,,,,,,,
common,men,수트 / 블레이저,2,54,,110-115,,,,,,,,,,,,,,,,,,,,,
common,men,수트 / 블레이저,2,56,,115-120,,,,,,,,,,,,,,,,,,,,,
common,men,팬츠 / 반바지 / 속옷,3,XS,,29,,,,,,,,,,,,,,,,,,,,,
common,men,팬츠 / 반바지 / 속옷,3,S,,30,,,,,,,,,,,,,,,,,,,,,
common,men,팬츠 / 반바지 / 속옷,3,M,,31,,,,,,,,,,,,,,,,,,,,,
common,men,팬츠 / 반바지 / 속옷,3,L,,32,,,,,,,,,,,,,,,,,,,,,
common,men,팬츠 / 반바지 / 속옷,3,XL,,34,,,,,,,,,,,,,,,,,,,,,
common,men,팬츠 / 반바지 / 속옷,3,XXL,,36,,,,,,,,,,,,,,,,,,,,,
common,men,바지 / 청바지,4,36,,29,,,,,,,73~75,,,,,,,,,,,,,,
common,men,바지 / 청바지,4,38,,30,,,,,,,76~78,,,,,,,,,,,,,,
common,men,바지 / 청바지,4,40,,31,,,,,,,78~80,,,,,,,,,,,,,,
common,men,바지 / 청바지,4,42,,32,,,,,,,81~83,,,,,,,,,,,,,,
common,men,바지 / 청바지,4,44,,34,,,,,,,86~88,,,,,,,,,,,,,,
common,men,바지 / 청바지,4,46,,36,,,,,,,91~93,,,,,,,,,,,,,,
common,men,바지 / 청바지,4,48,,38,,,,,,,96~98,,,,,,,,,,,,,,
common,shoes,여성 신발,1,,35,225,,,,,,,,,,,,,,,,,,,,,
common,shoes,여성 신발,1,,36,230,,,,,,,,,,,,,,,,,,,,,
common,shoes,여성 신발,1,,37,235,,,,,,,,,,,,,,,,,,,,,
common,shoes,여성 신발,1,,38,240,,,,,,,,,,,,,,,,,,,,,
common,shoes,여성 신발,1,,39,245,,,,,,,,,,,,,,,,,,,,,
common,shoes,여성 신발,1,,40,250,,,,,,,,,,,,,,,,,,,,,
common,shoes,여성 신발,1,,41,255,,,,,,,,,,,,,,,,,,,,,
common,shoes,남성 신발,2,,39,255,,,,,,,,,,,,,,,,,,,,,
common,shoes,남성 신발,2,,40,260,,,,,,,,,,,,,,,,,,,,,
common,shoes,남성 신발,2,,41,265,,,,,,,,,,,,,,,,,,,,,
common,shoes,남성 신발,2,,42,270,,,,,,,,,,,,,,,,,,,,,
common,shoes,남성 신발,2,,43,275,,,,,,,,,,,,,,,,,,,,,
common,shoes,남성 신발,2,,44,285,,,,,,,,,,,,,,,,,,,,,
common,shoes,남성 신발,2,,45,290,,,,,,,,,,,,,,,,,,,,,
common,shoes,남성 신발,2,,46,295,,,,,,,,,,,,,,,,,,,,,
common,shoes,남성 신발,2,,47,305,,,,,,,,,,,,,,,,,,,,,
common,kids,베이비 의류 (0-24개월),1,,,,,0-1개월,50-56,3-4,41,,42,,,,,,,,,,,,,,
common,kids,베이비 의류 (0-24개월),1,,,,,1-3개월,62,5-6,43,,44,,,,,,,,,,,,,,
common,kids,베이비 의류 (0-24개월),1,,,,,3-6개월,68,7-8,45,,46,,,,,,,,,,,,,,
common,kids,베이비 의류 (0-24개월),1,,,,,6-9개월,74,8-9,47,,48,,,,,,,,,,,,,,
common,kids,베이비 의류 (0-24개월),1,,,,,9-12개월,80,9-10,49,,49,,,,,,,,,,,,,,
common,kids,베이비 의류 (0-24개월),1,,,,,12-18개월,86,10-11,51,,50,,,,,,,,,,,,,,
common,kids,베이비 의류 (0-24개월),1,,,,,18-24개월,92,11-13,53,,51,,,,,,,,,,,,,,
common,kids,키즈/주니어 의류 (2-14세),2,,,,,2-3세,98,,54,,52,56,,,,,,,,,,,,,
common,kids,키즈/주니어 의류 (2-14세),2,,,,,3-4세,104,,56,,54,60,,,,,,,,,,,,,
common,kids,키즈/주니어 의류 (2-14세),2,,,,,4-5세,110,,58,,55,62,,,,,,,,,,,,,
common,kids,키즈/주니어 의류 (2-14세),2,,,,,5-6세,116,,60,,56,64,,,,,,,,,,,,,
common,kids,키즈/주니어 의류 (2-14세),2,,,,,7-8세,128,,64,,58,68,,,,,,,,,,,,,
common,kids,키즈/주니어 의류 (2-14세),2,,,,,9-10세,140,,70,,62,74,,,,,,,,,,,,,
common,kids,키즈/주니어 의류 (2-14세),2,,,,,11-12세,152,,76,,68,82,,,,,,,,,,,,,
common,kids,키즈/주니어 의류 (2-14세),2,,,,,13-14세,164,,82,,74,88,,,,,,,,,,,,,
common,kids,베이비 신발,3,,16/17,,,0-3개월,,,,,,,,10.0 - 10.5,,,,,,,,,,,
common,kids,베이비 신발,3,,18/19,,,3-6개월,,,,,,,,11.0 - 11.5,,,,,,,,,,,
common,kids,베이비 신발,3,,20/21,,,6-12개월,,,,,,,,12.3 - 12.8,,,,,,,,,,,
common,kids,베이비 신발,3,,22/23,,,12-18개월,,,,,,,,13.5 - 14.0,,,,,,,,,,,
common,kids,베이비 신발,3,,24,,,18-24개월,,,,,,,,14.5 - 15.0,,,,,,,,,,,
common,kids,키즈/주니어 신발,4,,25,,,2-3세,,,,,,,,15.7,,,,,,,,,,,
common,kids,키즈/주니어 신발,4,,26,,,3-4세,,,,,,,,16.3,,,,,,,,,,,
common,kids,키즈/주니어 신발,4,,27,,,4-5세,,,,,,,,17.0,,,,,,,,,,,
common,kids,키즈/주니어 신발,4,,28,,,5세,,,,,,,,17.6,,,,,,,,,,,
common,kids,키즈/주니어 신발,4,,29,,,6세,,,,,,,,18.3,,,,,,,,,,,
common,kids,키즈/주니어 신발,4,,30,,,6-7세,,,,,,,,19.0,,,,,,,,,,,
common,kids,키즈/주니어 신발,4,,31,,,7세,,,,,,,,19.6,,,,,,,,,,,
common,kids,키즈/주니어 신발,4,,32,,,8세,,,,,,,,20.3,,,,,,,,,,,
common,kids,키즈/주니어 신발,4,,33,,,9세,,,,,,,,20.9,,,,,,,,,,,
common,kids,키즈/주니어 신발,4,,34,,,10세,,,,,,,,21.6,,,,,,,,,,,
common,kids,키즈/주니어 신발,4,,35,,,11세,,,,,,,,22.3,,,,,,,,,,,
common,kids,키즈/주니어 신발,4,,36,,,12세,,,,,,,,22.9,,,,,,,,,,,
common,kids,키즈/주니어 신발,4,,37,,,13세,,,,,,,,23.6,,,,,,,,,,,
common,kids,키즈/주니어 신발,4,,38,,,14세,,,,,,,,24.3,,,,,,,,,,,
common,kids,키즈/주니어 신발,4,,39,,,14세+,,,,,,,,25.0,,,,,,,,,,,
zara,women,탑 / 블라우스 / 원피스,1,XXS,,33,32,,,,,74-78,58-62,,,,,,,,,,,,,,
zara,women,탑 / 블라우스 / 원피스,1,XS,,44,34,,,,,78-82,62-66,,,,,,,,,,,,,,
zara,women,탑 / 블라우스 / 원피스,1,S,,55,36 ~ 38,,,,,82-90,66-74,,,,,,,,,,,,,,
zara,women,탑 / 블라우스 / 원피스,1,M,,66,40 ~ 42,,,,,90-98,74-82.5,,,,,,,,,,,,,,
zara,women,탑 / 블라우스 / 원피스,1,L,,77,44 ~ 46,,,,,98-107,82.5-93,,,,,,,,,,,,,,
zara,women,탑 / 블라우스 / 원피스,1,XL,,88,48 ~ 50,,,,,107-119,93-105,,,,,,,,,,,,,,
zara,women,탑 / 블라우스 / 원피스,1,XXL,,99,52 ~ 54,,,,,119-131,105-117.5,,,,,,,,,,,,,,
zara,women,스커트 / 바지,2,XXS,,33,32,,,,,,58-62,,,,,,,,,,,,,,
zara,women,스커트 / 바지,2,XS,,44,34,,,,,,62-66,,,,,,,,,,,,,,
zara,women,스커트 / 바지,2,S,,55,36 ~ 38,,,,,,66-74,,,,,,,,,,,,,,
zara,women,스커트 / 바지,2,M,,66,40 ~ 42,,,,,,74-82.5,,,,,,,,,,,,,,
zara,women,스커트 / 바지,2,L,,77,44 ~ 46,,,,,,82.5-93,,,,,,,,,,,,,,
zara,women,스커트 / 바지,2,XL,,88,48 ~ 50,,,,,,93-105,,,,,,,,,,,,,,
zara,women,스커트 / 바지,2,XXL,,99,52 ~ 54,,,,,,105-117.5,,,,,,,,,,,,,,
zara,men,코트 / 점퍼 / 재킷 / 티셔츠 / 폴로셔츠 / 스웨터,1,S,,90-95,,,,,,,,,,,,,,,,,,,,,
zara,men,코트 / 점퍼 / 재킷 / 티셔츠 / 폴로셔츠 / 스웨터,1,M,,95-100,,,,,,,,,,,,,,,,,,,,,
zara,men,코트 / 점퍼 / 재킷 / 티셔츠 / 폴로셔츠 / 스웨터,1,L,,100-105,,,,,,,,,,,,,,,,,,,,,
zara,men,코트 / 점퍼 / 재킷 / 티셔츠 / 폴로셔츠 / 스웨터,1,XL,,105-110,,,,,,,,,,,,,,,,,,,,,
zara,men,코트 / 점퍼 / 재킷 / 티셔츠 / 폴로셔츠 / 스웨터,1,XXL,,110-115,,,,,,,,,,,,,,,,,,,,,
zara,men,수트 / 블레이저,2,46,,90-95,,,,,,,,,,,,,,,,,,,,,
zara,men,수트 / 블레이저,2,48,,95-100,,,,,,,,,,,,,,,,,,,,,
zara,men,수트 / 블레이저,2,50,,100-105,,,,,,,,,,,,,,,,,,,,,
zara,men,수트 / 블레이저,2,52,,105-110,,,,,,,,,,,,,,,,,,,,,
zara,men,수트 / 블레이저,2,54,,110-115,,,,,,,,,,,,,,,,,,,,,
zara,men,수트 / 블레이저,2,56,,115-120,,,,,,,,,,,,,,,,,,,,,
zara,men,바지 / 청바지,3,36,,29,,,,,,,73~75,,,,,,,,,,,,,,
zara,men,바지 / 청바지,3,38,,30,,,,,,,76~78,,,,,,,,,,,,,,
zara,men,바지 / 청바지,3,40,,31,,,,,,,78~80,,,,,,,,,,,,,,
zara,men,바지 / 청바지,3,42,,32,,,,,,,81~83,,,,,,,,,,,,,,
zara,men,바지 / 청바지,3,44,,34,,,,,,,86~88,,,,,,,,,,,,,,
zara,men,바지 / 청바지,3,46,,36,,,,,,,91~93,,,,,,,,,,,,,,
zara,men,바지 / 청바지,3,48,,38,,,,,,,96~98,,,,,,,,,,,,,,
zara,men,스포츠 팬츠 / 트레이닝 팬츠 / 반바지 / 속옷,4,XS,,29,,,,,,,,,,,,,,,,,,,,,
zara,men,스포츠 팬츠 / 트레이닝 팬츠 / 반바지 / 속옷,4,S,,30,,,,,,,,,,,,,,,,,,,,,
zara,men,스포츠 팬츠 / 트레이닝 팬츠 / 반바지 / 속옷,4,M,,31,,,,,,,,,,,,,,,,,,,,,
zara,men,스포츠 팬츠 / 트레이닝 팬츠 / 반바지 / 속옷,4,L,,32,,,,,,,,,,,,,,,,,,,,,
zara,men,스포츠 팬츠 / 트레이닝 팬츠 / 반바지 / 속옷,4,XL,,34,,,,,,,,,,,,,,,,,,,,,
zara,men,스포츠 팬츠 / 트레이닝 팬츠 / 반바지 / 속옷,4,XXL,,36,,,,,,,,,,,,,,,,,,,,,
zara,shoes,여성 신발,1,,35,230,,,,,,,,,,,,,,,,,,,,,
zara,shoes,여성 신발,1,,36,235,,,,,,,,,,,,,,,,,,,,,
zara,shoes,여성 신발,1,,37,240,,,,,,,,,,,,,,,,,,,,,
zara,shoes,여성 신발,1,,38,245,,,,,,,,,,,,,,,,,,,,,
zara,shoes,여성 신발,1,,39,255,,,,,,,,,,,,,,,,,,,,,
zara,shoes,여성 신발,1,,40,260,,,,,,,,,,,,,,,,,,,,,
zara,shoes,여성 신발,1,,41,265,,,,,,,,,,,,,,,,,,,,,
zara,shoes,여성 신발,1,,42,270,,,,,,,,,,,,,,,,,,,,,
zara,shoes,남성 신발,2,,39,255,,,,,,,,,,,,,,,,,,,,,
zara,shoes,남성 신발,2,,40,260,,,,,,,,,,,,,,,,,,,,,
zara,shoes,남성 신발,2,,41,265,,,,,,,,,,,,,,,,,,,,,
zara,shoes,남성 신발,2,,42,270,,,,,,,,,,,,,,,,,,,,,
zara,shoes,남성 신발,2,,43,275,,,,,,,,,,,,,,,,,,,,,
zara,shoes,남성 신발,2,,44,285,,,,,,,,,,,,,,,,,,,,,
zara,shoes,남성 신발,2,,45,290,,,,,,,,,,,,,,,,,,,,,
zara,shoes,남성 신발,2,,46,295,,,,,,,,,,,,,,,,,,,,,
zara,shoes,남성 신발,2,,47,305,,,,,,,,,,,,,,,,,,,,,
hm,women,"아우터, 상의, 원피스",1,XXS,,,32,,,,74-78,,58-62,82-86,59,,,,,,,,,,,,
hm,women,"아우터, 상의, 원피스",1,XS,,,34,,,,78-82,,62-66,86-90,59,,,,,,,,,,,,
hm,women,"아우터, 상의, 원피스",1,S,,,36-38,,,,82-90,,66-74,90-97.5,60,,,,,,,,,,,,
hm,women,"아우터, 상의, 원피스",1,M,,,40-42,,,,90-98,,74-82.5,97.5-103.5,60,,,,,,,,,,,,
hm,women,"아우터, 상의, 원피스",1,L,,,44-46,,,,98-107,,82.5-93,103.5-110.5,60,,,,,,,,,,,,
hm,women,"아우터, 상의, 원피스",1,XL,,,48-50,,,,107-119,,93-105,110.5-120.5,61,,,,,,,,,,,,
hm,women,"아우터, 상의, 원피스",1,XXL,,,52-54,,,,119-131,,105-117.5,120.5-131,61,,,,,,,,,,,,
hm,women,"아우터, 상의, 원피스",1,3XL,,,56-58,,,,131-143,,117.5-131.5,131-143,62,,,,,,,,,,,,
hm,women,"아우터, 상의, 원피스",1,4XL,,,60-62,,,,143-155,,131.5-145.5,143-155,62,,,,,,,,,,,,
hm,women,하의 (32~54),2,32,,,,,,,,,58-62,82-86,,,,,,,,,,,,,
hm,women,하의 (32~54),2,34,,,,,,,,,62-66,86-90,,,,,,,,,,,,,
hm,women,하의 (32~54),2,36,,,,,,,,,66-70,90-94,,,,,,,,,,,,,
hm,women,하의 (32~54),2,38,,,,,,,,,70-74,94-97.5,,,,,,,,,,,,,
hm,women,하의 (32~54),2,40,,,,,,,,,74-78,97.5-100.5,,,,,,,,,,,,,
hm,women,하의 (32~54),2,42,,,,,,,,,78-82.5,100.5-103.5,,,,,,,,,,,,,
hm,women,하의 (32~54),2,44,,,,,,,,,82.5-87.5,103.5-106.5,,,,,,,,,,,,,
hm,women,하의 (32~54),2,46,,,,,,,,,87.5-93,106.5-110.5,,,,,,,,,,,,,
hm,women,하의 (32~54),2,48,,,,,,,,,93-99,110.5-115.5,,,,,,,,,,,,,
hm,women,하의 (32~54),2,50,,,,,,,,,99-105,115.5-120.5,,,,,,,,,,,,,
hm,women,하의 (32~54),2,52,,,,,,,,,105-111,120.5-125.5,,,,,,,,,,,,,
hm,women,하의 (32~54),2,54,,,,,,,,,111-117.5,125.5-131,,,,,,,,,,,,,
hm,women,하의 (XXS~4XL),3,XXS,,,,,,,,,58-62,82-86,,,,,,,,,,,,,
hm,women,하의 (XXS~4XL),3,XS,,,,,,,,,62-66,86-90,,,,,,,,,,,,,
hm,women,하의 (XXS~4XL),3,S,,,,,,,,,66-74,90-97.5,,,,,,,,,,,,,
hm,women,하의 (XXS~4XL),3,M,,,,,,,,,74-82.5,97.5-103.5,,,,,,,,,,,,,
hm,women,하의 (XXS~4XL),3,L,,,,,,,,,82.5-93,103.5-110.5,,,,,,,,,,,,,
hm,women,하의 (XXS~4XL),3,XL,,,,,,,,,93-105,110.5-120.5,,,,,,,,,,,,,
hm,women,하의 (XXS~4XL),3,XXL,,,,,,,,,105-117.5,120.5-131,,,,,,,,,,,,,
hm,women,하의 (XXS~4XL),3,3XL,,,,,,,,,117.5-131.5,131-143,,,,,,,,,,,,,
hm,women,하의 (XXS~4XL),3,4XL,,,,,,,,,131.5-145.5,143-155,,,,,,,,,,,,,
hm,men,"아우터, 상의 (S~XXXL)",1,S,,,,,,,88-92,,76-80,,59.5,,,,,,,,,,,,
hm,men,"아우터, 상의 (S~XXXL)",1,M,,,,,,,96-100,,84-88,,60.5,,,,,,,,,,,,
hm,men,"아우터, 상의 (S~XXXL)",1,L,,,,,,,104-108,,92-96,,61,,,,,,,,,,,,
hm,men,"아우터, 상의 (S~XXXL)",1,XL,,,,,,,112-116,,100-104,,62,,,,,,,,,,,,
hm,men,"아우터, 상의 (S~XXXL)",1,XXL,,,,,,,120-124,,108-112,,62.5,,,,,,,,,,,,
hm,men,"아우터, 상의 (S~XXXL)",1,XXXL,,,,,,,128-132,,116-120,,63,,,,,,,,,,,,
hm,men,하의 (S~XXXL),2,S,,,,,,,,,76-80,,,,,,,,,,,96,,,
hm,men,하의 (S~XXXL),2,M,,,,,,,,,84-88,,,,,,,,,,,102,,,
hm,men,하의 (S~XXXL),2,L,,,,,,,,,92-96,,,,,,,,,,,108,,,
hm,men,하의 (S~XXXL),2,XL,,,,,,,,,100-104,,,,,,,,,,,114,,,
hm,men,하의 (S~XXXL),2,XXL,,,,,,,,,108-112,,,,,,,,,,,120,,,
hm,men,하의 (S~XXXL),2,XXXL,,,,,,,,,116-120,,,,,,,,,,,126,,,
hm,shoes,여성 신발,1,,34,,,,,,,,,,,,21.6,,,,,,,,,,
hm,shoes,여성 신발,1,,35,,,,,,,,,,,,22.3,,,,,,,,,,
hm,shoes,여성 신발,1,,36,,,,,,,,,,,,23,,,,,,,,,,
hm,shoes,여성 신발,1,,37,,,,,,,,,,,,23.6,,,,,,,,,,
hm,shoes,여성 신발,1,,38,,,,,,,,,,,,24.3,,,,,,,,,,
hm,shoes,여성 신발,1,,39,,,,,,,,,,,,25,,,,,,,,,,
hm,shoes,여성 신발,1,,40,,,,,,,,,,,,25.6,,,,,,,,,,
hm,shoes,여성 신발,1,,41,,,,,,,,,,,,26.3,,,,,,,,,,
hm,shoes,여성 신발,1,,42,,,,,,,,,,,,26.9,,,,,,,,,,
hm,shoes,남성 신발,2,,39,,,,,,,,,,,,25.0,,,,,,,,,,
hm,shoes,남성 신발,2,,40,,,,,,,,,,,,25.6,,,,,,,,,,
hm,shoes,남성 신발,2,,41,,,,,,,,,,,,26.3,,,,,,,,,,
hm,shoes,남성 신발,2,,42,,,,,,,,,,,,26.9,,,,,,,,,,
hm,shoes,남성 신발,2,,43,,,,,,,,,,,,27.6,,,,,,,,,,
hm,shoes,남성 신발,2,,44,,,,,,,,,,,,28.3,,,,,,,,,,
hm,shoes,남성 신발,2,,45,,,,,,,,,,,,29.0,,,,,,,,,,
hm,shoes,남성 신발,2,,46,,,,,,,,,,,,29.5,,,,,,,,,,
mango,women,의류,1,XXS,,,,,,,78-80,,59-60,86-88,,,,,,,,,,,,,
mango,women,의류,1,XS,,,,,,,82,,62,90,,,,,,,,,,,,,
mango,women,의류,1,S,,,,,,,86,,66,94,,,,,,,,,,,,,
mango,women,의류,1,M,,,,,,,92,,72,100,,,,,,,,,,,,,
mango,women,의류,1,L,,,,,,,98,,78,106,,,,,,,,,,,,,
mango,women,의류,1,XL,,,,,,,104,,85,112,,,,,,,,,,,,,
mango,women,의류,1,XXL,,,,,,,110,,92,118,,,,,,,,,,,,,
mango,women,의류,1,1XL,,,,,,,116,,99,124,,,,,,,,,,,,,
mango,women,의류,1,2XL,,,,,,,124,,108,132,,,,,,,,,,,,,
mango,women,의류,1,3XL,,,,,,,132,,117,140,,,,,,,,,,,,,
mango,women,의류,1,4XL,,,,,,,140,,126,148,,,,,,,,,,,,,
mango,men,의류,1,XS,,,,,,,96,,76,90,,,,,,,,,,,,,
mango,men,의류,1,S,,,,,,,100,,80,94,,,,,,,,,,,,,
mango,men,의류,1,M,,,,,,,104,,84,98,,,,,,,,,,,,,
mango,men,의류,1,L,,,,,,,110,,90,104,,,,,,,,,,,,,
mango,men,의류,1,XL,,,,,,,116,,96,110,,,,,,,,,,,,,
mango,men,의류,1,XXL,,,,,,,120,,100,114,,,,,,,,,,,,,
mango,shoes,여성 신발,1,,35,,,,,,,,,,,,23.5,,,,,,,,,,
mango,shoes,여성 신발,1,,36,,,,,,,,,,,,23.8-24,,,,,,,,,,
mango,shoes,여성 신발,1,,37,,,,,,,,,,,,24.5-24.8,,,,,,,,,,
mango,shoes,여성 신발,1,,38,,,,,,,,,,,,25.2-25.8,,,,,,,,,,
mango,shoes,여성 신발,1,,39,,,,,,,,,,,,25.8-26.5,,,,,,,,,,
mango,shoes,여성 신발,1,,40,,,,,,,,,,,,26.5-27.2,,,,,,,,,,
mango,shoes,여성 신발,1,,41,,,,,,,,,,,,27.5,,,,,,,,,,
mango,shoes,여성 신발,1,,42,,,,,,,,,,,,28.1,,,,,,,,,,
mango,shoes,남성 신발,2,,39,,,,,,,,,,,,26.0,,,,,,,,,,
mango,shoes,남성 신발,2,,40,,,,,,,,,,,,26.5,,,,,,,,,,
mango,shoes,남성 신발,2,,41,,,,,,,,,,,,27.0,,,,,,,,,,
mango,shoes,남성 신발,2,,42,,,,,,,,,,,,27.5,,,,,,,,,,
mango,shoes,남성 신발,2,,43,,,,,,,,,,,,28.5,,,,,,,,,,
mango,shoes,남성 신발,2,,44,,,,,,,,,,,,29.0,,,,,,,,,,
mango,shoes,남성 신발,2,,45,,,,,,,,,,,,29.5,,,,,,,,,,
mango,shoes,남성 신발,2,,46,,,,,,,,,,,,30.0,,,,,,,,,,
camper,shoes,여성 신발,1,35,,225,,,,,,,,,,21.8 - 22.3,,,,,,,,,,,
camper,shoes,여성 신발,1,36,,230,,,,,,,,,,22.4 - 23.0,,,,,,,,,,,
camper,shoes,여성 신발,1,37,,235,,,,,,,,,,23.1 - 23.7,,,,,,,,,,,
camper,shoes,여성 신발,1,38,,240,,,,,,,,,,23.8 - 24.3,,,,,,,,,,,
camper,shoes,여성 신발,1,39,,250,,,,,,,,,,24.4 - 25.0,,,,,,,,,,,
camper,shoes,여성 신발,1,40,,255,,,,,,,,,,25.1 - 25.7,,,,,,,,,,,
camper,shoes,여성 신발,1,41,,260,,,,,,,,,,25.8 - 26.3,,,,,,,,,,,
camper,shoes,여성 신발,1,42,,265,,,,,,,,,,26.4 - 27.0,,,,,,,,,,,
camper,shoes,여성 신발,1,43,,275,,,,,,,,,,27.1 - 27.7,,,,,,,,,,,
camper,shoes,남성 신발,2,37,,235,,,,,,,,,,23.1 - 23.7,,,,,,,,,,,
camper,shoes,남성 신발,2,38,,240,,,,,,,,,,23.8 - 24.3,,,,,,,,,,,
camper,shoes,남성 신발,2,39,,250,,,,,,,,,,24.4 - 25.0,,,,,,,,,,,
camper,shoes,남성 신발,2,40,,255,,,,,,,,,,25.1 - 25.7,,,,,,,,,,,
camper,shoes,남성 신발,2,41,,260,,,,,,,,,,25.8 - 26.3,,,,,,,,,,,
camper,shoes,남성 신발,2,42,,265,,,,,,,,,,26.4 - 27.0,,,,,,,,,,,
camper,shoes,남성 신발,2,43,,275,,,,,,,,,,27.1 - 27.7,,,,,,,,,,,
camper,shoes,남성 신발,2,44,,285,,,,,,,,,,27.8 - 28.3,,,,,,,,,,,
camper,shoes,남성 신발,2,45,,290,,,,,,,,,,28.4 - 29.0,,,,,,,,,,,
massimo,women,의류,1,XS,,,,,,,80,,60,84,,,,,,,,,,,,,
massimo,women,의류,1,S,,,,,,,84,,64,88,,,,,,,,,,,,,
massimo,women,의류,1,M,,,,,,,88,,68,92,,,,,,,,,,,,,
massimo,women,의류,1,L,,,,,,,92,,72,96,,,,,,,,,,,,,
massimo,women,의류,1,XL,,,,,,,96,,76,100,,,,,,,,,,,,,
massimo,men,의류,1,XS,,90,44,,,,86-90,,74-78,,,,,,,,,,,,,,
massimo,men,의류,1,S,,95,46,,,,90-94,,78-82,,,,,,,,,,,,,,
massimo,men,의류,1,M,,100,48-50,,,,94-102,,82-90,,,,,,,,,,,,,,
massimo,men,의류,1,L,,105,52-54,,,,102-110,,90-98,,,,,,,,,,,,,,
massimo,men,의류,1,XL,,110,56,,,,110-118,,98-106,,,,,,,,,,,,,,
massimo,men,의류,1,XXL,,115,58,,,,118-124,,106-110,,,,,,,,,,,,,,
cos,women,의류 (가슴/허리/힙),1,XXS (32),,,,,,,76,,60,84,,,,,,,,,,,,,
cos,women,의류 (가슴/허리/힙),1,XS (34),,,,,,,80,,64,88,,,,,,,,,,,,,
cos,women,의류 (가슴/허리/힙),1,S (36),,,,,,,84,,68,92,,,,,,,,,,,,,
cos,women,의류 (가슴/허리/힙),1,M (38),,,,,,,88,,72,96,,,,,,,,,,,,,
cos,women,의류 (가슴/허리/힙),1,L (40),,,,,,,92,,76,100,,,,,,,,,,,,,
cos,women,의류 (가슴/허리/힙),1,XL (42),,,,,,,96,,80,104,,,,,,,,,,,,,
cos,men,의류 (가슴/목둘레),1,XS,,,,,,,86-91,,,,,,,,36-37,,,,,,,,
cos,men,의류 (가슴/목둘레),1,S,,,,,,,91-96,,,,,,,,37-38,,,,,,,,
cos,men,의류 (가슴/목둘레),1,M,,,,,,,96-101,,,,,,,,39-40,,,,,,,,
cos,men,의류 (가슴/목둘레),1,L,,,,,,,101-106,,,,,,,,41-42,,,,,,,,
cos,men,의류 (가슴/목둘레),1,XL,,,,,,,106-111,,,,,,,,43-44,,,,,,,,
cos,men,의류 (가슴/목둘레),1,XXL,,,,,,,111-116,,,,,,,,45-46,,,,,,,,
cos,shoes,여성 신발,1,,36,,,,,,,,,,,,22.9,,,,,,,,,,
cos,shoes,여성 신발,1,,37,,,,,,,,,,,,23.6,,,,,,,,,,
cos,shoes,여성 신발,1,,38,,,,,,,,,,,,24.2,,,,,,,,,,
cos,shoes,여성 신발,1,,39,,,,,,,,,,,,24.9,,,,,,,,,,
cos,shoes,여성 신발,1,,40,,,,,,,,,,,,25.2,,,,,,,,,,
cos,shoes,여성 신발,1,,41,,,,,,,,,,,,26.1,,,,,,,,,,
cos,shoes,남성 신발,2,,40,,,,,,,,,,,,25.4,,,,,,,,,,
cos,shoes,남성 신발,2,,41,,,,,,,,,,,,25.7,,,,,,,,,,
cos,shoes,남성 신발,2,,42,,,,,,,,,,,,26.0,,,,,,,,,,
cos,shoes,남성 신발,2,,43,,,,,,,,,,,,26.7,,,,,,,,,,
cos,shoes,남성 신발,2,,44,,,,,,,,,,,,27.3,,,,,,,,,,
cos,shoes,남성 신발,2,,45,,,,,,,,,,,,27.9,,,,,,,,,,
otherstories,women,의류 (가슴/허리/힙),1,32 (XS),,,,,,,76,,60,84,,,,,,,,,,,,,
otherstories,women,의류 (가슴/허리/힙),1,34 (XS),,,,,,,80,,64,88,,,,,,,,,,,,,
otherstories,women,의류 (가슴/허리/힙),1,36 (S),,,,,,,84,,68,92,,,,,,,,,,,,,
otherstories,women,의류 (가슴/허리/힙),1,38 (S),,,,,,,88,,72,96,,,,,,,,,,,,,
otherstories,women,의류 (가슴/허리/힙),1,40 (M),,,,,,,92,,76,100,,,,,,,,,,,,,
otherstories,women,의류 (가슴/허리/힙),1,42 (M),,,,,,,96,,80,104,,,,,,,,,,,,,
otherstories,women,의류 (가슴/허리/힙),1,44 (L),,,,,,,100,,84,108,,,,,,,,,,,,,
otherstories,shoes,여성 신발,1,,35,,,,,,,,,,,,22.6,,,,,,,,,,
otherstories,shoes,여성 신발,1,,36,,,,,,,,,,,,23.3,,,,,,,,,,
otherstories,shoes,여성 신발,1,,37,,,,,,,,,,,,24.0,,,,,,,,,,
otherstories,shoes,여성 신발,1,,38,,,,,,,,,,,,24.6,,,,,,,,,,
otherstories,shoes,여성 신발,1,,39,,,,,,,,,,,,25.3,,,,,,,,,,
otherstories,shoes,여성 신발,1,,40,,,,,,,,,,,,25.9,,,,,,,,,,
otherstories,shoes,여성 신발,1,,41,,,,,,,,,,,,26.6,,,,,,,,,,
otherstories,shoes,여성 신발,1,,42,,,,,,,,,,,,27.3,,,,,,,,,,
arket,women,의류 (가슴/허리/힙),1,XS (34),,,,,,,76-80,,60-64,84-88,,,,,,,,,,,,,
arket,women,의류 (가슴/허리/힙),1,S (36),,,,,,,84-88,,68-72,92-96,,,,,,,,,,,,,
arket,women,의류 (가슴/허리/힙),1,M (38),,,,,,,92-96,,76-80,100-104,,,,,,,,,,,,,
arket,women,의류 (가슴/허리/힙),1,L (40),,,,,,,100-104,,84-88,108-112,,,,,,,,,,,,,
arket,women,의류 (가슴/허리/힙),1,XL (42),,,,,,,110-116,,94-100,117-122,,,,,,,,,,,,,
arket,men,의류 (가슴/허리),1,XS (44),,,,,,,80-84,,68-72,,,,,,,,,,,,,,
arket,men,의류 (가슴/허리),1,S (46),,,,,,,88-92,,76-80,,,,,,,,,,,,,,
arket,men,의류 (가슴/허리),1,M (48),,,,,,,96-100,,84-88,,,,,,,,,,,,,,
arket,men,의류 (가슴/허리),1,L (50),,,,,,,104-108,,92-96,,,,,,,,,,,,,,
arket,men,의류 (가슴/허리),1,XL (52),,,,,,,112-116,,100-104,,,,,,,,,,,,,,
arket,men,의류 (가슴/허리),1,XXL (54),,,,,,,120-124,,108-112,,,,,,,,,,,,,,
arket,shoes,여성 신발,1,,36,,,,,,,,,,,,22.9,,,,,,,,,,
arket,shoes,여성 신발,1,,37,,,,,,,,,,,,23.6,,,,,,,,,,
arket,shoes,여성 신발,1,,38,,,,,,,,,,,,24.2,,,,,,,,,,
arket,shoes,여성 신발,1,,39,,,,,,,,,,,,24.9,,,,,,,,,,
arket,shoes,여성 신발,1,,40,,,,,,,,,,,,25.5,,,,,,,,,,
arket,shoes,여성 신발,1,,41,,,,,,,,,,,,26.1,,,,,,,,,,
arket,shoes,남성 신발,2,,40,,,,,,,,,,,,25.6,,,,,,,,,,
arket,shoes,남성 신발,2,,41,,,,,,,,,,,,26.3,,,,,,,,,,
arket,shoes,남성 신발,2,,42,,,,,,,,,,,,26.9,,,,,,,,,,
arket,shoes,남성 신발,2,,43,,,,,,,,,,,,27.6,,,,,,,,,,
arket,shoes,남성 신발,2,,44,,,,,,,,,,,,28.3,,,,,,,,,,
arket,shoes,남성 신발,2,,45,,,,,,,,,,,,29.0,,,,,,,,,,
bershka,women,상의,1,S,,,,,,,,84,62,,,,,,,,,,,,,,
bershka,women,상의,1,M,,,,,,,,88,66,,,,,,,,,,,,,,
bershka,women,상의,1,L,,,,,,,,94,72,,,,,,,,,,,,,,
bershka,women,상의,1,XL,,,,,,,,98,76,,,,,,,,,,,,,,
bershka,women,하의,2,S,,,,,,,,,,86,,,,,,,,,,,,,
bershka,women,하의,2,M,,,,,,,,,,92,,,,,,,,,,,,,
bershka,women,하의,2,L,,,,,,,,,,98,,,,,,,,,,,,,
bershka,women,하의,2,XL,,,,,,,,,,102,,,,,,,,,,,,,
bershka,men,상의,1,S,,,,,,,90-94,,,,,,,,,,,,,,,,
bershka,men,상의,1,M,,,,,,,96-100,,,,,,,,,,,,,,,,
bershka,men,상의,1,L,,,,,,,102-106,,,,,,,,,,,,,,,,
bershka,men,상의,1,XL,,,,,,,108-112,,,,,,,,,,,,,,,,
bershka,men,상의,1,XXL,,,,,,,114-118,,,,,,,,,,,,,,,,
bershka,men,하의,2,S,,,,,,,,,80-84,,,,,,,,,,,,,,
bershka,men,하의,2,M,,,,,,,,,86-90,,,,,,,,,,,,,,
bershka,men,하의,2,L,,,,,,,,,92-96,,,,,,,,,,,,,,
bershka,men,하의,2,XL,,,,,,,,,98-102,,,,,,,,,,,,,,
bershka,shoes,여성 신발,1,,36,,,,,,,,,,,,22.99,,,,,,,,,,
bershka,shoes,여성 신발,1,,37,,,,,,,,,,,,23.63,,,,,,,,,,
bershka,shoes,여성 신발,1,,38,,,,,,,,,,,,24.27,,,,,,,,,,
bershka,shoes,여성 신발,1,,39,,,,,,,,,,,,24.90,,,,,,,,,,
bershka,shoes,여성 신발,1,,40,,,,,,,,,,,,25.54,,,,,,,,,,
bershka,shoes,여성 신발,1,,41,,,,,,,,,,,,26.18,,,,,,,,,,
bershka,shoes,남성 신발,2,,40,,,,,,,,,,,,25.54,,,,,,,,,,
bershka,shoes,남성 신발,2,,41,,,,,,,,,,,,26.18,,,,,,,,,,
bershka,shoes,남성 신발,2,,42,,,,,,,,,,,,26.82,,,,,,,,,,
bershka,shoes,남성 신발,2,,43,,,,,,,,,,,,27.46,,,,,,,,,,
bershka,shoes,남성 신발,2,,44,,,,,,,,,,,,28.10,,,,,,,,,,
bershka,shoes,남성 신발,2,,45,,,,,,,,,,,,28.74,,,,,,,,,,
stradivarius,women,의류,1,XS,,,,,,,81,,62,,,,,,,,,,,,,,
stradivarius,women,의류,1,S,,,,,,,85,,66,,,,,,,,,,,,,,
stradivarius,women,의류,1,M,,,,,,,89,,70,,,,,,,,,,,,,,
stradivarius,women,의류,1,L,,,,,,,95,,76,,,,,,,,,,,,,,
stradivarius,women,의류,1,XL,,,,,,,101,,82,,,,,,,,,,,,,,
pullandbear,women,의류 (가슴/허리/힙),1,XS,,,,,,,82,,62,90,,,,,,,,,,,,,
pullandbear,women,의류 (가슴/허리/힙),1,S,,,,,,,86,,66,94,,,,,,,,,,,,,
pullandbear,women,의류 (가슴/허리/힙),1,M,,,,,,,90,,70,98,,,,,,,,,,,,,
pullandbear,women,의류 (가슴/허리/힙),1,L,,,,,,,96,,76,104,,,,,,,,,,,,,
pullandbear,women,의류 (가슴/허리/힙),1,XL,,,,,,,102,,82,110,,,,,,,,,,,,,
pullandbear,men,상의 (가슴),1,XS,,,,,,,82-84,,,,,,,,,,,,,,,,
pullandbear,men,상의 (가슴),1,S,,,,,,,86-88,,,,,,,,,,,,,,,,
pullandbear,men,상의 (가슴),1,M,,,,,,,90-92,,,,,,,,,,,,,,,,
pullandbear,men,상의 (가슴),1,L,,,,,,,94-96,,,,,,,,,,,,,,,,
pullandbear,men,상의 (가슴),1,XL,,,,,,,98-100,,,,,,,,,,,,,,,,
pullandbear,men,상의 (가슴),1,XXL,,,,,,,102-104,,,,,,,,,,,,,,,,
pullandbear,men,하의 (허리),2,36,,,,,,,,,72,,,,,,,,,,,,,,
pullandbear,men,하의 (허리),2,38,,,,,,,,,76,,,,,,,,,,,,,,
pullandbear,men,하의 (허리),2,40,,,,,,,,,80,,,,,,,,,,,,,,
pullandbear,men,하의 (허리),2,42,,,,,,,,,84,,,,,,,,,,,,,,
pullandbear,men,하의 (허리),2,44,,,,,,,,,88,,,,,,,,,,,,,,
pullandbear,men,하의 (허리),2,46,,,,,,,,,92,,,,,,,,,,,,,,
pullandbear,men,하의 (허리),2,48,,,,,,,,,96,,,,,,,,,,,,,,
pullandbear,shoes,여성 신발,1,,35,,,,,,,,,,,,22.8,,,,,,,,,,
pullandbear,shoes,여성 신발,1,,36,,,,,,,,,,,,23.4,,,,,,,,,,
pullandbear,shoes,여성 신발,1,,37,,,,,,,,,,,,24.0,,,,,,,,,,
pullandbear,shoes,여성 신발,1,,38,,,,,,,,,,,,24.6,,,,,,,,,,
pullandbear,shoes,여성 신발,1,,39,,,,,,,,,,,,25.3,,,,,,,,,,
pullandbear,shoes,여성 신발,1,,40,,,,,,,,,,,,26.0,,,,,,,,,,
pullandbear,shoes,여성 신발,1,,41,,,,,,,,,,,,26.6,,,,,,,,,,
pullandbear,shoes,남성 신발,2,,39,,,,,,,,,,,,25.3,,,,,,,,,,
pullandbear,shoes,남성 신발,2,,40,,,,,,,,,,,,26.0,,,,,,,,,,
pullandbear,shoes,남성 신발,2,,41,,,,,,,,,,,,26.6,,,,,,,,,,
pullandbear,shoes,남성 신발,2,,42,,,,,,,,,,,,27.3,,,,,,,,,,
pullandbear,shoes,남성 신발,2,,43,,,,,,,,,,,,28.0,,,,,,,,,,
pullandbear,shoes,남성 신발,2,,44,,,,,,,,,,,,28.6,,,,,,,,,,
pullandbear,shoes,남성 신발,2,,45,,,,,,,,,,,,29.3,,,,,,,,,,
pullandbear,shoes,남성 신발,2,,46,,,,,,,,,,,,30.0,,,,,,,,,,
oysho,women,아우터 / 상의,1,XXS,,,34,,,,78-81,,,,,,,,,,,,,,,,
oysho,women,아우터 / 상의,1,XS,,,36,,,,81-84,,,,,,,,,,,,,,,,
oysho,women,아우터 / 상의,1,S,,,38,,,,84-88,,,,,,,,,,,,,,,,
oysho,women,아우터 / 상의,1,M,,,40,,,,88-93,,,,,,,,,,,,,,,,
oysho,women,아우터 / 상의,1,L,,,42,,,,94-100,,,,,,,,,,,,,,,,
oysho,women,아우터 / 상의,1,XL,,,44,,,,100-105,,,,,,,,,,,,,,,,
oysho,women,아우터 / 상의,1,XXL,,,46,,,,106-112,,,,,,,,,,,,,,,,
oysho,women,하의,2,XXS,,,32-34,,,,,,61-64,91-94,,,,,,,,,,,,,
oysho,women,하의,2,XS,,,34-36,,,,,,64-67,94-97,,,,,,,,,,,,,
oysho,women,하의,2,S,,,36-38,,,,,,67-70,97-100,,,,,,,,,,,,,
oysho,women,하의,2,M,,,38-40,,,,,,70-75,100-105,,,,,,,,,,,,,
oysho,women,하의,2,L,,,42-44,,,,,,76-82,106-112,,,,,,,,,,,,,
oysho,women,하의,2,XL,,,44-46,,,,,,82-87,112-117,,,,,,,,,,,,,
oysho,women,하의,2,XXL,,,48-50,,,,,,88-94,118-124,,,,,,,,,,,,,
oysho,women,원피스 / 점프수트 / 스윔수트,3,XXS,,,32-34,,,,78-81,,61-64,91-94,,,,,,,,,,,,,
oysho,women,원피스 / 점프수트 / 스윔수트,3,XS,,,34-36,,,,81-84,,64-67,94-97,,,,,,,,,,,,,
oysho,women,원피스 / 점프수트 / 스윔수트,3,S,,,36-38,,,,84-88,,67-70,97-100,,,,,,,,,,,,,
oysho,women,원피스 / 점프수트 / 스윔수트,3,M,,,38-40,,,,88-93,,70-75,100-105,,,,,,,,,,,,,
oysho,women,원피스 / 점프수트 / 스윔수트,3,L,,,42-44,,,,94-100,,76-82,106-112,,,,,,,,,,,,,
oysho,women,원피스 / 점프수트 / 스윔수트,3,XL,,,44-46,,,,100-105,,82-87,112-117,,,,,,,,,,,,,
oysho,women,원피스 / 점프수트 / 스윔수트,3,XXL,,,48-50,,,,106-112,,88-94,118-124,,,,,,,,,,,,,
bimbaylola,women,의류,1,34,,,,,,,80,,68,88,,,,,,,,,,,,,
bimbaylola,women,의류,1,36,,,,,,,84,,72,92,,,,,,,,,,,,,
bimbaylola,women,의류,1,38,,,,,,,88,,76,96,,,,,,,,,,,,,
bimbaylola,women,의류,1,40,,,,,,,92,,80,100,,,,,,,,,,,,,
bimbaylola,women,의류,1,42,,,,,,,96,,84,104,,,,,,,,,,,,,
bimbaylola,women,의류,1,44,,,,,,,100,,88,108,,,,,,,,,,,,,
bimbaylola,women,의류,1,46,,,,,,,104,,92,112,,,,,,,,,,,,,
bimbaylola,women,의류,1,48,,,,,,,108,,96,116,,,,,,,,,,,,,
desigual,women,의류 (가슴/허리/힙),1,XS (34),,,,,,,80-84,,60-64,88-92,,,,,,,,,,,,,
desigual,women,의류 (가슴/허리/힙),1,S (36),,,,,,,85-89,,65-69,93-97,,,,,,,,,,,,,
desigual,women,의류 (가슴/허리/힙),1,M (38),,,,,,,90-94,,70-74,98-102,,,,,,,,,,,,,
desigual,women,의류 (가슴/허리/힙),1,L (40),,,,,,,95-99,,75-79,103-107,,,,,,,,,,,,,
desigual,women,의류 (가슴/허리/힙),1,XL (42),,,,,,,100-104,,80-84,108-112,,,,,,,,,,,,,
desigual,women,의류 (가슴/허리/힙),1,XXL (44),,,,,,,105-109,,85-89,113-117,,,,,,,,,,,,,
desigual,men,의류 (가슴/허리/힙),1,XS (36),,,,,,,86-90,,70-74,86-90,,,,,,,,,,,,,
desigual,men,의류 (가슴/허리/힙),1,S (38),,,,,,,91-95,,75-79,91-95,,,,,,,,,,,,,
desigual,men,의류 (가슴/허리/힙),1,M (40),,,,,,,96-100,,80-84,96-100,,,,,,,,,,,,,
desigual,men,의류 (가슴/허리/힙),1,L (42),,,,,,,101-105,,85-89,101-105,,,,,,,,,,,,,
desigual,men,의류 (가슴/허리/힙),1,XL (44),,,,,,,106-110,,90-94,106-110,,,,,,,,,,,,,
desigual,men,의류 (가슴/허리/힙),1,XXL (46),,,,,,,111-115,,95-99,111-115,,,,,,,,,,,,,
desigual,shoes,여성 신발,1,,36,,,,,,,,,,,,25.1,,,,,,,,,,
desigual,shoes,여성 신발,1,,37,,,,,,,,,,,,25.4,,,,,,,,,,
desigual,shoes,여성 신발,1,,38,,,,,,,,,,,,25.7,,,,,,,,,,
desigual,shoes,여성 신발,1,,39,,,,,,,,,,,,26.0,,,,,,,,,,
desigual,shoes,여성 신발,1,,40,,,,,,,,,,,,26.3,,,,,,,,,,
desigual,shoes,여성 신발,1,,41,,,,,,,,,,,,26.6,,,,,,,,,,
desigual,shoes,남성 신발,2,,40,,,,,,,,,,,,26.0,,,,,,,,,,
desigual,shoes,남성 신발,2,,41,,,,,,,,,,,,26.7,,,,,,,,,,
desigual,shoes,남성 신발,2,,42,,,,,,,,,,,,27.3,,,,,,,,,,
desigual,shoes,남성 신발,2,,43,,,,,,,,,,,,28.0,,,,,,,,,,
desigual,shoes,남성 신발,2,,44,,,,,,,,,,,,28.7,,,,,,,,,,
desigual,shoes,남성 신발,2,,45,,,,,,,,,,,,29.3,,,,,,,,,,
sfera,women,의류 (가슴/허리/힙),1,S (36),,,,,,,84,,66,94,,,,,,,,,,,,,
sfera,women,의류 (가슴/허리/힙),1,M (38),,,,,,,88,,70,98,,,,,,,,,,,,,
sfera,women,의류 (가슴/허리/힙),1,L (40),,,,,,,92,,74,102,,,,,,,,,,,,,
sfera,women,의류 (가슴/허리/힙),1,XL (42),,,,,,,96,,78,106,,,,,,,,,,,,,
sfera,men,의류 (가슴/허리),1,S,,,,,,,92,,80,,,,,,,,,,,,,,
sfera,men,의류 (가슴/허리),1,M,,,,,,,96,,84,,,,,,,,,,,,,,
sfera,men,의류 (가슴/허리),1,L,,,,,,,100,,88,,,,,,,,,,,,,,
sfera,men,의류 (가슴/허리),1,XL,,,,,,,104,,92,,,,,,,,,,,,,,
sfera,men,의류 (가슴/허리),1,XXL,,,,,,,108,,96,,,,,,,,,,,,,,
sfera,shoes,여성 신발,1,,36,,,,,,,,,,,,22.5,,,,,,,,,,
sfera,shoes,여성 신발,1,,37,,,,,,,,,,,,23.0,,,,,,,,,,
sfera,shoes,여성 신발,1,,38,,,,,,,,,,,,23.8,,,,,,,,,,
sfera,shoes,여성 신발,1,,39,,,,,,,,,,,,24.6,,,,,,,,,,
sfera,shoes,여성 신발,1,,40,,,,,,,,,,,,25.4,,,,,,,,,,
sfera,shoes,여성 신발,1,,41,,,,,,,,,,,,26.2,,,,,,,,,,
sfera,shoes,남성 신발,2,,40,,,,,,,,,,,,24.4,,,,,,,,,,
sfera,shoes,남성 신발,2,,41,,,,,,,,,,,,25.4,,,,,,,,,,
sfera,shoes,남성 신발,2,,42,,,,,,,,,,,,26.0,,,,,,,,,,
sfera,shoes,남성 신발,2,,43,,,,,,,,,,,,27.0,,,,,,,,,,
sfera,shoes,남성 신발,2,,44,,,,,,,,,,,,27.9,,,,,,,,,,
sfera,shoes,남성 신발,2,,45,,,,,,,,,,,,28.6,,,,,,,,,,
springfield,women,의류 (가슴/허리/힙),1,XS (34),,,,,,,80-84,,60-64,88-92,,,,,,,,,,,,,
springfield,women,의류 (가슴/허리/힙),1,S (36),,,,,,,84-88,,64-68,92-96,,,,,,,,,,,,,
springfield,women,의류 (가슴/허리/힙),1,M (38),,,,,,,88-92,,68-72,96-100,,,,,,,,,,,,,
springfield,women,의류 (가슴/허리/힙),1,L (40),,,,,,,92-96,,72-76,100-104,,,,,,,,,,,,,
springfield,women,의류 (가슴/허리/힙),1,XL (42),,,,,,,96-100,,76-80,104-108,,,,,,,,,,,,,
springfield,men,의류 (가슴/허리),1,XS,,,,,,,88-92,,76-80,,,,,,,,,,,,,,
springfield,men,의류 (가슴/허리),1,S,,,,,,,92-96,,80-84,,,,,,,,,,,,,,
springfield,men,의류 (가슴/허리),1,M,,,,,,,96-100,,84-88,,,,,,,,,,,,,,
springfield,men,의류 (가슴/허리),1,L,,,,,,,100-104,,88-92,,,,,,,,,,,,,,
springfield,men,의류 (가슴/허리),1,XL,,,,,,,104-108,,92-96,,,,,,,,,,,,,,
springfield,men,의류 (가슴/허리),1,XXL,,,,,,,108-112,,96-100,,,,,,,,,,,,,,
springfield,shoes,여성 신발,1,,36,,,,,,,,,,,,22.5-23.0,,,,,,,,,,
springfield,shoes,여성 신발,1,,37,,,,,,,,,,,,23.4,,,,,,,,,,
springfield,shoes,여성 신발,1,,38,,,,,,,,,,,,24.1-24.3,,,,,,,,,,
springfield,shoes,여성 신발,1,,39,,,,,,,,,,,,24.6-25.1,,,,,,,,,,
springfield,shoes,여성 신발,1,,40,,,,,,,,,,,,25.4-25.5,,,,,,,,,,
springfield,shoes,여성 신발,1,,41,,,,,,,,,,,,25.9-26.4,,,,,,,,,,
springfield,shoes,남성 신발,2,,40,,,,,,,,,,,,25.1,,,,,,,,,,
springfield,shoes,남성 신발,2,,41,,,,,,,,,,,,25.5-25.9,,,,,,,,,,
springfield,shoes,남성 신발,2,,42,,,,,,,,,,,,26.3-26.7,,,,,,,,,,
springfield,shoes,남성 신발,2,,43,,,,,,,,,,,,27.1-27.5,,,,,,,,,,
springfield,shoes,남성 신발,2,,44,,,,,,,,,,,,27.5,,,,,,,,,,
springfield,shoes,남성 신발,2,,45,,,,,,,,,,,,27.2-28.8,,,,,,,,,,
maje,women,의류 (가슴/허리/힙),1,1 (36/S),,,,,,,82,,62,90,,,,,,,,,,,,,
maje,women,의류 (가슴/허리/힙),1,2 (38/M),,,,,,,86,,66,94,,,,,,,,,,,,,
maje,women,의류 (가슴/허리/힙),1,3 (40/L),,,,,,,90,,70,98,,,,,,,,,,,,,
maje,women,의류 (가슴/허리/힙),1,4 (42/XL),,,,,,,94,,74,102,,,,,,,,,,,,,
maje,shoes,여성 신발,1,,36,,,,,,,,,,,,22.9-23.0,,,,,,,,,,
maje,shoes,여성 신발,1,,37,,,,,,,,,,,,23.5-23.7,,,,,,,,,,
maje,shoes,여성 신발,1,,38,,,,,,,,,,,,24.2-24.5,,,,,,,,,,
maje,shoes,여성 신발,1,,39,,,,,,,,,,,,24.8-25.0,,,,,,,,,,
maje,shoes,여성 신발,1,,40,,,,,,,,,,,,25.5-25.8,,,,,,,,,,
maje,shoes,여성 신발,1,,41,,,,,,,,,,,,26.3-26.7,,,,,,,,,,
sandro,women,의류 (가슴/허리/힙),1,0 (34/XS),,,,,,,82,,62,90,,,,,,,,,,,,,
sandro,women,의류 (가슴/허리/힙),1,1 (36/S),,,,,,,86,,66,94,,,,,,,,,,,,,
sandro,women,의류 (가슴/허리/힙),1,2 (38/M),,,,,,,90,,70,98,,,,,,,,,,,,,
sandro,women,의류 (가슴/허리/힙),1,3 (40/L),,,,,,,94,,76,104,,,,,,,,,,,,,
sandro,women,의류 (가슴/허리/힙),1,4 (42/XL),,,,,,,98,,82,110,,,,,,,,,,,,,
sandro,shoes,여성 신발,1,,36,,,,,,,,,,,,22.3-23.0,,,,,,,,,,
sandro,shoes,여성 신발,1,,37,,,,,,,,,,,,23.2-23.5,,,,,,,,,,
sandro,shoes,여성 신발,1,,38,,,,,,,,,,,,23.8-24.1,,,,,,,,,,
sandro,shoes,여성 신발,1,,39,,,,,,,,,,,,24.5-25.0,,,,,,,,,,
sandro,shoes,여성 신발,1,,40,,,,,,,,,,,,25.4-25.9,,,,,,,,,,
sandro,shoes,여성 신발,1,,41,,,,,,,,,,,,26.3-26.7,,,,,,,,,,
tous,women,반지 사이즈 (내경),1,7,,,,,,,,,,,,,1.47,,,,,,14.65,,,,
tous,women,반지 사이즈 (내경),1,8,,,,,,,,,,,,,1.53,,,,,,15.29,,,,
tous,women,반지 사이즈 (내경),1,9,,,,,,,,,,,,,1.56,,,,,,15.61,,,,
tous,women,반지 사이즈 (내경),1,10,,,,,,,,,,,,,1.59,,,,,,15.92,,,,
tous,women,반지 사이즈 (내경),1,11,,,,,,,,,,,,,1.62,,,,,,16.24,,,,
tous,women,반지 사이즈 (내경),1,12,,,,,,,,,,,,,1.66,,,,,,16.56,,,,
tous,women,반지 사이즈 (내경),1,13,,,,,,,,,,,,,1.69,,,,,,16.88,,,,
tous,women,반지 사이즈 (내경),1,14,,,,,,,,,,,,,1.72,,,,,,17.20,,,,
tous,women,반지 사이즈 (내경),1,15,,,,,,,,,,,,,1.75,,,,,,17.52,,,,
tous,women,반지 사이즈 (내경),1,16,,,,,,,,,,,,,1.78,,,,,,17.83,,,,
unode50,women,반지 사이즈 (내경),1,XS (9),,,,,,,,,,,,,1.53-1.56,,,,,,15.3-15.6,,,,
unode50,women,반지 사이즈 (내경),1,S (12),,,,,,,,,,,,,1.62-1.66,,,,,,16.2-16.6,,,,
unode50,women,반지 사이즈 (내경),1,M (15),,,,,,,,,,,,,1.72-1.75,,,,,,17.2-17.5,,,,
unode50,women,반지 사이즈 (내경),1,L (18),,,,,,,,,,,,,1.81-1.85,,,,,,18.1-18.5,,,,
unode50,women,반지 사이즈 (내경),1,XL (21),,,,,,,,,,,,,1.91-1.94,,,,,,19.1-19.4,,,,
unode50,women,반지 사이즈 (내경),1,XXL,,,,,,,,,,,,,2.01-2.04,,,,,,20.1-20.4,,,,
womensecret,women,브라 사이즈 (ES/FR/PT),1,80,65,,,,,,,,,,,,,,,,,,,,,,30
womensecret,women,브라 사이즈 (ES/FR/PT),1,85,70,,,,,,,,,,,,,,,,,,,,,,32
womensecret,women,브라 사이즈 (ES/FR/PT),1,90,75,,,,,,,,,,,,,,,,,,,,,,34
womensecret,women,브라 사이즈 (ES/FR/PT),1,95,80,,,,,,,,,,,,,,,,,,,,,,36
womensecret,women,브라 사이즈 (ES/FR/PT),1,100,85,,,,,,,,,,,,,,,,,,,,,,38
womensecret,women,팬티 사이즈,2,XS,34,,,,,,,,,,,,,,,,,,,,,,XS
womensecret,women,팬티 사이즈,2,S,36,,,,,,,,,,,,,,,,,,,,,,S
womensecret,women,팬티 사이즈,2,M,38,,,,,,,,,,,,,,,,,,,,,,M
womensecret,women,팬티 사이즈,2,L,40,,,,,,,,,,,,,,,,,,,,,,L
womensecret,women,팬티 사이즈,2,XL,42,,,,,,,,,,,,,,,,,,,,,,XL
adolfodominguez,women,의류 (가슴/허리/힙),1,XS (36),,,,,,,86,,66,94,,,,,,,,,,,,,
adolfodominguez,women,의류 (가슴/허리/힙),1,S (38),,,,,,,90,,70,98,,,,,,,,,,,,,
adolfodominguez,women,의류 (가슴/허리/힙),1,M (40),,,,,,,94,,74,102,,,,,,,,,,,,,
adolfodominguez,women,의류 (가슴/허리/힙),1,L (42),,,,,,,98,,78,106,,,,,,,,,,,,,
adolfodominguez,women,의류 (가슴/허리/힙),1,XL (44),,,,,,,102,,82,110,,,,,,,,,,,,,
adolfodominguez,women,의류 (가슴/허리/힙),1,XXL (46),,,,,,,106,,86,114,,,,,,,,,,,,,
adolfodominguez,men,의류 (가슴/허리),1,XS,,,,,,,88-92,,76-80,,,,,,,,,,,,,,
adolfodominguez,men,의류 (가슴/허리),1,S,,,,,,,92-96,,80-84,,,,,,,,,,,,,,
adolfodominguez,men,의류 (가슴/허리),1,M,,,,,,,96-100,,84-88,,,,,,,,,,,,,,
adolfodominguez,men,의류 (가슴/허리),1,L,,,,,,,100-104,,88-92,,,,,,,,,,,,,,
adolfodominguez,men,의류 (가슴/허리),1,XL,,,,,,,104-108,,92-96,,,,,,,,,,,,,,
adolfodominguez,men,의류 (가슴/허리),1,XXL,,,,,,,108-112,,96-100,,,,,,,,,,,,,,
purificaciongarcia,women,의류 (가슴/허리/힙),1,XS,,,,,,,82,,62,90,,,,,,,,,,,,,
purificaciongarcia,women,의류 (가슴/허리/힙),1,S,,,,,,,86,,66,94,,,,,,,,,,,,,
purificaciongarcia,women,의류 (가슴/허리/힙),1,M,,,,,,,90,,70,98,,,,,,,,,,,,,
purificaciongarcia,women,의류 (가슴/허리/힙),1,L,,,,,,,94,,74,102,,,,,,,,,,,,,
purificaciongarcia,women,의류 (가슴/허리/힙),1,XL,,,,,,,98,,78,106,,,,,,,,,,,,,
purificaciongarcia,men,의류 (가슴/허리),1,S,,,,,,,92-96,,80-84,,,,,,,,,,,,,,
purificaciongarcia,men,의류 (가슴/허리),1,M,,,,,,,96-100,,84-88,,,,,,,,,,,,,,
purificaciongarcia,men,의류 (가슴/허리),1,L,,,,,,,100-104,,88-92,,,,,,,,,,,,,,
purificaciongarcia,men,의류 (가슴/허리),1,XL,,,,,,,104-108,,92-96,,,,,,,,,,,,,,
purificaciongarcia,men,의류 (가슴/허리),1,XXL,,,,,,,108-112,,96-100,,,,,,,,,,,,,,
zarakids,kids,여아/남아,1,,,,,만 6세,116,,62,,57,64,,,,,,,,50,,,,,
zarakids,kids,여아/남아,1,,,,,만 7세,122,,65,,59,67,,,,,,,,54,,,,,
zarakids,kids,여아/남아,1,,,,,만 8세,128,,68,,61,70,,,,,,,,58,,,,,
zarakids,kids,여아/남아,1,,,,,만 9세,134,,71,,63,73,,,,,,,,62,,,,,
zarakids,kids,여아/남아,1,,,,,만 10세,140,,74,,65,76,,,,,,,,66,,,,,
zarakids,kids,여아/남아,1,,,,,만 11-12세,152,,79,,68,81,,,,,,,,71,,,,,
zarakids,kids,여아/남아,1,,,,,만 13-14세,164,,84,,71,86,,,,,,,,76,,,,,
zarakids,kids,여아/남아 (더블 사이즈),2,,,,,만 6세,120,,64,,58,66,,,,,,,,52,,,,,
zarakids,kids,여아/남아 (더블 사이즈),2,,,,,만 8세,130,,69,,62,71,,,,,,,,59,,,,,
zarakids,kids,여아/남아 (더블 사이즈),2,,,,,만 10세,140,,74,,65,76,,,,,,,,66,,,,,
zarakids,kids,여아/남아 (더블 사이즈),2,,,,,만 11-12세,152,,79,,68,81,,,,,,,,71,,,,,
zarakids,kids,여아/남아 (더블 사이즈),2,,,,,만 13-14세,164,,84,,71,86,,,,,,,,76,,,,,
zarakids,kids,유아,3,,,,,3-6개월,68,7.5,45,,46,47,,,,,,,,,,,,,
zarakids,kids,유아,3,,,,,6-9개월,74,8,47,,48,49,,,,,,,,,,,,,
zarakids,kids,유아,3,,,,,9-12개월,80,9.5,49,,49,51,,,,,,,,,,,,,
zarakids,kids,유아,3,,,,,12-18개월,86,11,51,,50,53,,,,,,,,,,,,,
zarakids,kids,유아,3,,,,,18-24개월,92,12.5,53,,51,55,,,,,,,,,,,,,
zarakids,kids,유아,3,,,,,만 2-3세,98,-,55,,52,57,,,,,,,,,,,,,
zarakids,kids,유아,3,,,,,만 3-4세,104,-,57,,53.5,59,,,,,,,,,,,,,
zarakids,kids,유아,3,,,,,만 4-5세,110,-,59,,55,61,,,,,,,,,,,,,
zarakids,kids,신생아,4,,,,,0-1개월,56,5,41,,42,43,,,,,,,,,,,,,
zarakids,kids,신생아,4,,,,,1-3개월,62,6,43,,44,45,,,,,,,,,,,,,
zarakids,kids,신생아,4,,,,,3-6개월,68,7.5,45,,46,47,,,,,,,,,,,,,
zarakids,kids,신생아,4,,,,,6-9개월,74,8,47,,48,49,,,,,,,,,,,,,
zarakids,kids,신생아,4,,,,,9-12개월,80,9.5,49,,49,51,,,,,,,,,,,,,
zarakids,shoes,아동용 신발,1,,,,,,,,,,,,,,,만 4세 / 26,,165 / 16.3,170 / 16.9,,,,만 4-5세 / 27,,
zarakids,shoes,아동용 신발,1,,,,,,,,,,,,,,,만 5세 / 28,,175 / 17.6,185 / 18.3,,,,만 5세 / 29,,
zarakids,shoes,아동용 신발,1,,,,,,,,,,,,,,,만 6세 / 30,,190 / 18.9,195 / 19.6,,,,만 6세 / 31,,
zarakids,shoes,아동용 신발,1,,,,,,,,,,,,,,,만 7세 / 32,,205 / 20.3,210 / 20.9,,,,만 8세 / 33,,
zarakids,shoes,아동용 신발,1,,,,,,,,,,,,,,,만 9세 / 34,,215 / 21.6,225 / 22.3,,,,만 10세 / 35,,
zarakids,shoes,아동용 신발,1,,,,,,,,,,,,,,,만 11세 / 36,,230 / 22.9,235 / 23.6,,,,만 12세 / 37,,
zarakids,shoes,아동용 신발,1,,,,,,,,,,,,,,,만 13세 / 38,,245 / 24.3,250 / 25.6,,,,만 14세 / 39,,
zarakids,shoes,아동용 신발,1,,,,,,,,,,,,,,,만 14세 / 40,,255 / 25.6,265 / 26.3,,,,만 14세 / 41,,
zarakids,shoes,아동용 신발 (더블 사이즈),2,,,,,,,,,,,,,,,만 4-5세 / 26-27,,,,,,,,165 - 170 / 16.3 - 16.9,
zarakids,shoes,아동용 신발 (더블 사이즈),2,,,,,,,,,,,,,,,만 5세 / 28-29,,,,,,,,175 - 185 / 17.6 - 18.3,
zarakids,shoes,아동용 신발 (더블 사이즈),2,,,,,,,,,,,,,,,만 6세 / 30-31,,,,,,,,190 - 195 / 18.9 - 19.6,
zarakids,shoes,아동용 신발 (더블 사이즈),2,,,,,,,,,,,,,,,만 7-8세 / 32-33,,,,,,,,205 - 210 / 20.3 - 20.9,
zarakids,shoes,아동용 신발 (더블 사이즈),2,,,,,,,,,,,,,,,만 9-10세 / 34-35,,,,,,,,215 - 225 / 21.6 - 22.3,
zarakids,shoes,아동용 신발 (더블 사이즈),2,,,,,,,,,,,,,,,만 11-12세 / 36-37,,,,,,,,230 - 235 / 22.9 - 23.6,
zarakids,shoes,아동용 신발 (더블 사이즈),2,,,,,,,,,,,,,,,만 13-14세 / 38-39,,,,,,,,245 - 250 / 24.3 - 24.9,
zarakids,shoes,아동용 신발 (더블 사이즈),2,,,,,,,,,,,,,,,만 14-15세 / 40-41,,,,,,,,255 - 265 / 25.6 - 26.3,
zarakids,shoes,유아용 신발,3,,,,,,,,,,,,,,,6-9개월 / 18,,110 / 10.9,115 / 11.6,,,,9-12개월 / 19,,
zarakids,shoes,유아용 신발,3,,,,,,,,,,,,,,,만 1세 / 20,,125 / 12.3,130 / 12.9,,,,만 1세 / 21,,
zarakids,shoes,유아용 신발,3,,,,,,,,,,,,,,,만 2세 / 22,,135 / 13.6,145 / 14.3,,,,만 2세 / 23,,
zarakids,shoes,유아용 신발,3,,,,,,,,,,,,,,,만 3세 / 24,,150 / 14.9,155 / 15.6,,,,만 3-4세 / 25,,
zarakids,shoes,유아용 신발,3,,,,,,,,,,,,,,,만 4세 / 26,,165 / 16.3,170 / 16.9,,,,만 4-5세 / 27,,
zarakids,shoes,신생아 신발,4,43,,275,,,,,,,,,,27.1 - 27.7,,,,,,,,,,,
mangokids,kids,여아/남아,1,,,,,만 6세,116,,62,,57,64,,,,,,,,50,,,,,
mangokids,kids,여아/남아,1,,,,,만 7세,122,,65,,59,67,,,,,,,,54,,,,,
mangokids,kids,여아/남아,1,,,,,만 8세,128,,68,,61,70,,,,,,,,58,,,,,
mangokids,kids,여아/남아,1,,,,,만 9세,134,,71,,63,73,,,,,,,,62,,,,,
mangokids,kids,여아/남아,1,,,,,만 10세,140,,74,,65,76,,,,,,,,66,,,,,
mangokids,kids,여아/남아,1,,,,,만 11-12세,152,,79,,68,81,,,,,,,,71,,,,,
mangokids,kids,여아/남아,1,,,,,만 13-14세,164,,84,,71,86,,,,,,,,76,,,,,
mangokids,kids,유아,2,,,,,3-6개월,68,7.5,45,,46,47,,,,,,,,,,,,,
mangokids,kids,유아,2,,,,,6-9개월,74,8,47,,48,49,,,,,,,,,,,,,
mangokids,kids,유아,2,,,,,9-12개월,80,9.5,49,,49,51,,,,,,,,,,,,,
mangokids,kids,유아,2,,,,,12-18개월,86,11,51,,50,53,,,,,,,,,,,,,
mangokids,kids,유아,2,,,,,18-24개월,92,12.5,53,,51,55,,,,,,,,,,,,,
mangokids,kids,유아,2,,,,,만 2-3세,98,-,55,,52,57,,,,,,,,,,,,,
mangokids,kids,유아,2,,,,,만 3-4세,104,-,57,,53.5,59,,,,,,,,,,,,,
mangokids,kids,유아,2,,,,,만 4-5세,110,-,59,,55,61,,,,,,,,,,,,,
mangokids,shoes,아동용 신발,1,,,,,,,,,,,,,,,만 4세 / 26,,165 / 16.3,170 / 16.9,,,,만 4-5세 / 27,,
mangokids,shoes,아동용 신발,1,,,,,,,,,,,,,,,만 5세 / 28,,175 / 17.6,185 / 18.3,,,,만 5세 / 29,,
mangokids,shoes,아동용 신발,1,,,,,,,,,,,,,,,만 6세 / 30,,190 / 18.9,195 / 19.6,,,,만 6세 / 31,,
mangokids,shoes,아동용 신발,1,,,,,,,,,,,,,,,만 7세 / 32,,205 / 20.3,210 / 20.9,,,,만 8세 / 33,,
mangokids,shoes,아동용 신발,1,,,,,,,,,,,,,,,만 9세 / 34,,215 / 21.6,225 / 22.3,,,,만 10세 / 35,,
mangokids,shoes,아동용 신발,1,,,,,,,,,,,,,,,만 11세 / 36,,230 / 22.9,235 / 23.6,,,,만 12세 / 37,,
mangokids,shoes,아동용 신발,1,,,,,,,,,,,,,,,만 13세 / 38,,245 / 24.3,250 / 25.6,,,,만 14세 / 39,,
mangokids,shoes,아동용 신발,1,,,,,,,,,,,,,,,만 14세 / 40,,255 / 25.6,265 / 26.3,,,,만 14세 / 41,,
bobochoses,kids,여아/남아,1,,,,,만 6세,116,,62,,57,64,,,,,,,,50,,,,,
bobochoses,kids,여아/남아,1,,,,,만 7세,122,,65,,59,67,,,,,,,,54,,,,,
bobochoses,kids,여아/남아,1,,,,,만 8세,128,,68,,61,70,,,,,,,,58,,,,,
bobochoses,kids,여아/남아,1,,,,,만 9세,134,,71,,63,73,,,,,,,,62,,,,,
bobochoses,kids,여아/남아,1,,,,,만 10세,140,,74,,65,76,,,,,,,,66,,,,,
bobochoses,kids,여아/남아,1,,,,,만 11-12세,152,,79,,68,81,,,,,,,,71,,,,,
bobochoses,kids,여아/남아,1,,,,,만 13-14세,164,,84,,71,86,,,,,,,,76,,,,,
bobochoses,kids,유아,2,,,,,3-6개월,68,7.5,45,,46,47,,,,,,,,,,,,,
bobochoses,kids,유아,2,,,,,6-9개월,74,8,47,,48,49,,,,,,,,,,,,,
bobochoses,kids,유아,2,,,,,9-12개월,80,9.5,49,,49,51,,,,,,,,,,,,,
bobochoses,kids,유아,2,,,,,12-18개월,86,11,51,,50,53,,,,,,,,,,,,,
bobochoses,kids,유아,2,,,,,18-24개월,92,12.5,53,,51,55,,,,,,,,,,,,,
bobochoses,kids,유아,2,,,,,만 2-3세,98,-,55,,52,57,,,,,,,,,,,,,
bobochoses,kids,유아,2,,,,,만 3-4세,104,-,57,,53.5,59,,,,,,,,,,,,,
bobochoses,kids,유아,2,,,,,만 4-5세,110,-,59,,55,61,,,,,,,,,,,,,
bobochoses,shoes,아동용 신발,1,,,,,,,,,,,,,,,만 4세 / 26,,165 / 16.3,170 / 16.9,,,,만 4-5세 / 27,,
bobochoses,shoes,아동용 신발,1,,,,,,,,,,,,,,,만 5세 / 28,,175 / 17.6,185 / 18.3,,,,만 5세 / 29,,
bobochoses,shoes,아동용 신발,1,,,,,,,,,,,,,,,만 6세 / 30,,190 / 18.9,195 / 19.6,,,,만 6세 / 31,,
bobochoses,shoes,아동용 신발,1,,,,,,,,,,,,,,,만 7세 / 32,,205 / 20.3,210 / 20.9,,,,만 8세 / 33,,
bobochoses,shoes,아동용 신발,1,,,,,,,,,,,,,,,만 9세 / 34,,215 / 21.6,225 / 22.3,,,,만 10세 / 35,,
bobochoses,shoes,아동용 신발,1,,,,,,,,,,,,,,,만 11세 / 36,,230 / 22.9,235 / 23.6,,,,만 12세 / 37,,
bobochoses,shoes,아동용 신발,1,,,,,,,,,,,,,,,만 13세 / 38,,245 / 24.3,250 / 25.6,,,,만 14세 / 39,,
bobochoses,shoes,아동용 신발,1,,,,,,,,,,,,,,,만 14세 / 40,,255 / 25.6,265 / 26.3,,,,만 14세 / 41,,
tinycottons,kids,여아/남아,1,,,,,만 6세,116,,62,,57,64,,,,,,,,50,,,,,
tinycottons,kids,여아/남아,1,,,,,만 7세,122,,65,,59,67,,,,,,,,54,,,,,
tinycottons,kids,여아/남아,1,,,,,만 8세,128,,68,,61,70,,,,,,,,58,,,,,
tinycottons,kids,여아/남아,1,,,,,만 9세,134,,71,,63,73,,,,,,,,62,,,,,
tinycottons,kids,여아/남아,1,,,,,만 10세,140,,74,,65,76,,,,,,,,66,,,,,
tinycottons,kids,여아/남아,1,,,,,만 11-12세,152,,79,,68,81,,,,,,,,71,,,,,
tinycottons,kids,여아/남아,1,,,,,만 13-14세,164,,84,,71,86,,,,,,,,76,,,,,
tinycottons,kids,유아,2,,,,,3-6개월,68,7.5,45,,46,47,,,,,,,,,,,,,
tinycottons,kids,유아,2,,,,,6-9개월,74,8,47,,48,49,,,,,,,,,,,,,
tinycottons,kids,유아,2,,,,,9-12개월,80,9.5,49,,49,51,,,,,,,,,,,,,
tinycottons,kids,유아,2,,,,,12-18개월,86,11,51,,50,53,,,,,,,,,,,,,
tinycottons,kids,유아,2,,,,,18-24개월,92,12.5,53,,51,55,,,,,,,,,,,,,
tinycottons,kids,유아,2,,,,,만 2-3세,98,-,55,,52,57,,,,,,,,,,,,,
tinycottons,kids,유아,2,,,,,만 3-4세,104,-,57,,53.5,59,,,,,,,,,,,,,
tinycottons,kids,유아,2,,,,,만 4-5세,110,-,59,,55,61,,,,,,,,,,,,,
tinycottons,shoes,아동용 신발,1,,,,,,,,,,,,,,,만 4세 / 26,,165 / 16.3,170 / 16.9,,,,만 4-5세 / 27,,
tinycottons,shoes,아동용 신발,1,,,,,,,,,,,,,,,만 5세 / 28,,175 / 17.6,185 / 18.3,,,,만 5세 / 29,,
tinycottons,shoes,아동용 신발,1,,,,,,,,,,,,,,,만 6세 / 30,,190 / 18.9,195 / 19.6,,,,만 6세 / 31,,
tinycottons,shoes,아동용 신발,1,,,,,,,,,,,,,,,만 7세 / 32,,205 / 20.3,210 / 20.9,,,,만 8세 / 33,,
tinycottons,shoes,아동용 신발,1,,,,,,,,,,,,,,,만 9세 / 34,,215 / 21.6,225 / 22.3,,,,만 10세 / 35,,
tinycottons,shoes,아동용 신발,1,,,,,,,,,,,,,,,만 11세 / 36,,230 / 22.9,235 / 23.6,,,,만 12세 / 37,,
tinycottons,shoes,아동용 신발,1,,,,,,,,,,,,,,,만 13세 / 38,,245 / 24.3,250 / 25.6,,,,만 14세 / 39,,
tinycottons,shoes,아동용 신발,1,,,,,,,,,,,,,,,만 14세 / 40,,255 / 25.6,265 / 26.3,,,,만 14세 / 41,,